{"cameraMode":{"drawMode":0,"name":"Shaded","section":"Shading Mode"},"sceneLighting":false,"audioPlay":false,"sceneViewState":{"showFog":true,"showMaterialUpdate":false,"showSkybox":false,"showFlares":true,"showImageEffects":true,"showParticleSystems":true},"in2DMode":false,"pivot":{"x":4.875797271728516,"y":-29.77037811279297,"z":98.9000015258789},"rotation":{"x":0.1653938889503479,"y":-0.45604121685028078,"z":0.0866503044962883,"w":0.8702155351638794},"size":7.088723659515381,"orthographic":false}