{"cameraMode":{"drawMode":0,"name":"Shaded","section":"Shading Mode"},"sceneLighting":true,"audioPlay":false,"sceneViewState":{"showFog":true,"showMaterialUpdate":false,"showSkybox":true,"showFlares":true,"showImageEffects":true,"showParticleSystems":true},"in2DMode":false,"pivot":{"x":16.88001251220703,"y":5.892513275146484,"z":-1.0411351919174195},"rotation":{"x":0.13503478467464448,"y":-0.36488983035087588,"z":0.05365140736103058,"w":0.9197105169296265},"size":1.594936490058899,"orthographic":false}